{"cameraMode":{"drawMode":0,"name":"Shaded","section":"Shading Mode"},"sceneLighting":true,"audioPlay":false,"sceneViewState":{"showFog":true,"showMaterialUpdate":false,"showSkybox":true,"showFlares":true,"showImageEffects":true,"showParticleSystems":true,"showVisualEffectGraphs":true,"m_FxEnabled":true},"in2DMode":false,"pivot":{"x":489.8779602050781,"y":418.3724365234375,"z":189.51702880859376},"rotation":{"x":-0.17785771191120149,"y":-0.006489475257694721,"z":0.0011742429342120886,"w":-0.9840466380119324},"size":406.5176086425781,"orthographic":false}